anio,cargo,seccional,agrupacion,votos,total_votos,porcentaje
2021,DIPUTADOS NACIONALES,1,JUNTOS POR EL CAMBIO,5904,9791,60.3
2021,DIPUTADOS NACIONALES,1,HACEMOS POR CÓRDOBA,1162,9791,11.87
2021,DIPUTADOS NACIONALES,1,UNIÓN POR LA PATRIA,1146,9791,11.7
2021,DIPUTADOS NACIONALES,1,FRENTE DE IZQUIERDA,654,9791,6.68
2021,DIPUTADOS NACIONALES,1,ENCUENTRO VECINAL CÓRDOBA,562,9791,5.74
2021,DIPUTADOS NACIONALES,1,LA LIBERTAD AVANZA,267,9791,2.73
2021,DIPUTADOS NACIONALES,1,UNIÓN POPULAR FEDERAL,96,9791,0.98
2021,DIPUTADOS NACIONALES,10,JUNTOS POR EL CAMBIO,56553,108509,52.12
2021,DIPUTADOS NACIONALES,10,HACEMOS POR CÓRDOBA,26210,108509,24.15
2021,DIPUTADOS NACIONALES,10,UNIÓN POR LA PATRIA,9258,108509,8.53
2021,DIPUTADOS NACIONALES,10,ENCUENTRO VECINAL CÓRDOBA,6753,108509,6.22
2021,DIPUTADOS NACIONALES,10,FRENTE DE IZQUIERDA,5808,108509,5.35
2021,DIPUTADOS NACIONALES,10,LA LIBERTAD AVANZA,2935,108509,2.7
2021,DIPUTADOS NACIONALES,10,UNIÓN POPULAR FEDERAL,992,108509,0.91
2021,DIPUTADOS NACIONALES,11,JUNTOS POR EL CAMBIO,60235,107173,56.2
2021,DIPUTADOS NACIONALES,11,HACEMOS POR CÓRDOBA,23516,107173,21.94
2021,DIPUTADOS NACIONALES,11,UNIÓN POR LA PATRIA,8478,107173,7.91
2021,DIPUTADOS NACIONALES,11,ENCUENTRO VECINAL CÓRDOBA,6448,107173,6.02
2021,DIPUTADOS NACIONALES,11,FRENTE DE IZQUIERDA,4960,107173,4.63
2021,DIPUTADOS NACIONALES,11,LA LIBERTAD AVANZA,2636,107173,2.46
2021,DIPUTADOS NACIONALES,11,UNIÓN POPULAR FEDERAL,900,107173,0.84
2021,DIPUTADOS NACIONALES,12,JUNTOS POR EL CAMBIO,41115,79478,51.73
2021,DIPUTADOS NACIONALES,12,HACEMOS POR CÓRDOBA,21136,79478,26.59
2021,DIPUTADOS NACIONALES,12,UNIÓN POR LA PATRIA,5627,79478,7.08
2021,DIPUTADOS NACIONALES,12,ENCUENTRO VECINAL CÓRDOBA,5394,79478,6.79
2021,DIPUTADOS NACIONALES,12,FRENTE DE IZQUIERDA,3576,79478,4.5
2021,DIPUTADOS NACIONALES,12,LA LIBERTAD AVANZA,1966,79478,2.47
2021,DIPUTADOS NACIONALES,12,UNIÓN POPULAR FEDERAL,664,79478,0.84
2021,DIPUTADOS NACIONALES,13,JUNTOS POR EL CAMBIO,48071,88464,54.34
2021,DIPUTADOS NACIONALES,13,HACEMOS POR CÓRDOBA,22205,88464,25.1
2021,DIPUTADOS NACIONALES,13,UNIÓN POR LA PATRIA,6162,88464,6.97
2021,DIPUTADOS NACIONALES,13,ENCUENTRO VECINAL CÓRDOBA,5744,88464,6.49
2021,DIPUTADOS NACIONALES,13,FRENTE DE IZQUIERDA,3480,88464,3.93
2021,DIPUTADOS NACIONALES,13,LA LIBERTAD AVANZA,2139,88464,2.42
2021,DIPUTADOS NACIONALES,13,UNIÓN POPULAR FEDERAL,663,88464,0.75
2021,DIPUTADOS NACIONALES,14,JUNTOS POR EL CAMBIO,49464,84138,58.79
2021,DIPUTADOS NACIONALES,14,HACEMOS POR CÓRDOBA,16588,84138,19.72
2021,DIPUTADOS NACIONALES,14,UNIÓN POR LA PATRIA,7107,84138,8.45
2021,DIPUTADOS NACIONALES,14,ENCUENTRO VECINAL CÓRDOBA,4708,84138,5.6
2021,DIPUTADOS NACIONALES,14,FRENTE DE IZQUIERDA,3798,84138,4.51
2021,DIPUTADOS NACIONALES,14,LA LIBERTAD AVANZA,1762,84138,2.09
2021,DIPUTADOS NACIONALES,14,UNIÓN POPULAR FEDERAL,711,84138,0.85
2021,DIPUTADOS NACIONALES,2,JUNTOS POR EL CAMBIO,2050,3666,55.92
2021,DIPUTADOS NACIONALES,2,HACEMOS POR CÓRDOBA,541,3666,14.76
2021,DIPUTADOS NACIONALES,2,UNIÓN POR LA PATRIA,457,3666,12.47
2021,DIPUTADOS NACIONALES,2,FRENTE DE IZQUIERDA,242,3666,6.6
2021,DIPUTADOS NACIONALES,2,ENCUENTRO VECINAL CÓRDOBA,238,3666,6.49
2021,DIPUTADOS NACIONALES,2,LA LIBERTAD AVANZA,88,3666,2.4
2021,DIPUTADOS NACIONALES,2,UNIÓN POPULAR FEDERAL,50,3666,1.36
2021,DIPUTADOS NACIONALES,3,JUNTOS POR EL CAMBIO,7544,13177,57.25
2021,DIPUTADOS NACIONALES,3,UNIÓN POR LA PATRIA,1672,13177,12.69
2021,DIPUTADOS NACIONALES,3,HACEMOS POR CÓRDOBA,1653,13177,12.54
2021,DIPUTADOS NACIONALES,3,FRENTE DE IZQUIERDA,994,13177,7.54
2021,DIPUTADOS NACIONALES,3,ENCUENTRO VECINAL CÓRDOBA,838,13177,6.36
2021,DIPUTADOS NACIONALES,3,LA LIBERTAD AVANZA,318,13177,2.41
2021,DIPUTADOS NACIONALES,3,UNIÓN POPULAR FEDERAL,158,13177,1.2
2021,DIPUTADOS NACIONALES,4,JUNTOS POR EL CAMBIO,27597,46705,59.09
2021,DIPUTADOS NACIONALES,4,HACEMOS POR CÓRDOBA,7703,46705,16.49
2021,DIPUTADOS NACIONALES,4,UNIÓN POR LA PATRIA,4319,46705,9.25
2021,DIPUTADOS NACIONALES,4,ENCUENTRO VECINAL CÓRDOBA,2749,46705,5.89
2021,DIPUTADOS NACIONALES,4,FRENTE DE IZQUIERDA,2721,46705,5.83
2021,DIPUTADOS NACIONALES,4,LA LIBERTAD AVANZA,1119,46705,2.4
2021,DIPUTADOS NACIONALES,4,UNIÓN POPULAR FEDERAL,497,46705,1.06
2021,DIPUTADOS NACIONALES,5,JUNTOS POR EL CAMBIO,26233,53094,49.41
2021,DIPUTADOS NACIONALES,5,HACEMOS POR CÓRDOBA,15000,53094,28.25
2021,DIPUTADOS NACIONALES,5,UNIÓN POR LA PATRIA,3802,53094,7.16
2021,DIPUTADOS NACIONALES,5,ENCUENTRO VECINAL CÓRDOBA,3363,53094,6.33
2021,DIPUTADOS NACIONALES,5,FRENTE DE IZQUIERDA,2907,53094,5.48
2021,DIPUTADOS NACIONALES,5,LA LIBERTAD AVANZA,1368,53094,2.58
2021,DIPUTADOS NACIONALES,5,UNIÓN POPULAR FEDERAL,421,53094,0.79
2021,DIPUTADOS NACIONALES,6,JUNTOS POR EL CAMBIO,13073,23791,54.95
2021,DIPUTADOS NACIONALES,6,HACEMOS POR CÓRDOBA,5070,23791,21.31
2021,DIPUTADOS NACIONALES,6,UNIÓN POR LA PATRIA,2218,23791,9.32
2021,DIPUTADOS NACIONALES,6,FRENTE DE IZQUIERDA,1455,23791,6.12
2021,DIPUTADOS NACIONALES,6,ENCUENTRO VECINAL CÓRDOBA,1273,23791,5.35
2021,DIPUTADOS NACIONALES,6,LA LIBERTAD AVANZA,502,23791,2.11
2021,DIPUTADOS NACIONALES,6,UNIÓN POPULAR FEDERAL,200,23791,0.84
2021,DIPUTADOS NACIONALES,7,JUNTOS POR EL CAMBIO,28509,50753,56.17
2021,DIPUTADOS NACIONALES,7,HACEMOS POR CÓRDOBA,10456,50753,20.6
2021,DIPUTADOS NACIONALES,7,UNIÓN POR LA PATRIA,4681,50753,9.22
2021,DIPUTADOS NACIONALES,7,FRENTE DE IZQUIERDA,2764,50753,5.45
2021,DIPUTADOS NACIONALES,7,ENCUENTRO VECINAL CÓRDOBA,2716,50753,5.35
2021,DIPUTADOS NACIONALES,7,LA LIBERTAD AVANZA,1206,50753,2.38
2021,DIPUTADOS NACIONALES,7,UNIÓN POPULAR FEDERAL,421,50753,0.83
2021,DIPUTADOS NACIONALES,8,JUNTOS POR EL CAMBIO,11493,20672,55.6
2021,DIPUTADOS NACIONALES,8,HACEMOS POR CÓRDOBA,4696,20672,22.72
2021,DIPUTADOS NACIONALES,8,UNIÓN POR LA PATRIA,1643,20672,7.95
2021,DIPUTADOS NACIONALES,8,ENCUENTRO VECINAL CÓRDOBA,1266,20672,6.12
2021,DIPUTADOS NACIONALES,8,FRENTE DE IZQUIERDA,924,20672,4.47
2021,DIPUTADOS NACIONALES,8,LA LIBERTAD AVANZA,473,20672,2.29
2021,DIPUTADOS NACIONALES,8,UNIÓN POPULAR FEDERAL,177,20672,0.86
2021,DIPUTADOS NACIONALES,9,JUNTOS POR EL CAMBIO,28143,46037,61.13
2021,DIPUTADOS NACIONALES,9,HACEMOS POR CÓRDOBA,7118,46037,15.46
2021,DIPUTADOS NACIONALES,9,UNIÓN POR LA PATRIA,4235,46037,9.2
2021,DIPUTADOS NACIONALES,9,ENCUENTRO VECINAL CÓRDOBA,2654,46037,5.76
2021,DIPUTADOS NACIONALES,9,FRENTE DE IZQUIERDA,2491,46037,5.41
2021,DIPUTADOS NACIONALES,9,LA LIBERTAD AVANZA,998,46037,2.17
2021,DIPUTADOS NACIONALES,9,UNIÓN POPULAR FEDERAL,398,46037,0.86
2023,DIPUTADOS NACIONALES,1,JUNTOS POR EL CAMBIO,3729,10770,34.62
2023,DIPUTADOS NACIONALES,1,LA LIBERTAD AVANZA,2885,10770,26.79
2023,DIPUTADOS NACIONALES,1,HACEMOS POR CÓRDOBA,1967,10770,18.26
2023,DIPUTADOS NACIONALES,1,UNIÓN POR LA PATRIA,1671,10770,15.52
2023,DIPUTADOS NACIONALES,1,FRENTE DE IZQUIERDA,518,10770,4.81
2023,DIPUTADOS NACIONALES,10,LA LIBERTAD AVANZA,41483,125818,32.97
2023,DIPUTADOS NACIONALES,10,HACEMOS POR CÓRDOBA,41095,125818,32.66
2023,DIPUTADOS NACIONALES,10,JUNTOS POR EL CAMBIO,24682,125818,19.62
2023,DIPUTADOS NACIONALES,10,UNIÓN POR LA PATRIA,14813,125818,11.77
2023,DIPUTADOS NACIONALES,10,FRENTE DE IZQUIERDA,3745,125818,2.98
2023,DIPUTADOS NACIONALES,11,LA LIBERTAD AVANZA,38557,121960,31.61
2023,DIPUTADOS NACIONALES,11,HACEMOS POR CÓRDOBA,37331,121960,30.61
2023,DIPUTADOS NACIONALES,11,JUNTOS POR EL CAMBIO,29516,121960,24.2
2023,DIPUTADOS NACIONALES,11,UNIÓN POR LA PATRIA,13415,121960,11.0
2023,DIPUTADOS NACIONALES,11,FRENTE DE IZQUIERDA,3141,121960,2.58
2023,DIPUTADOS NACIONALES,12,LA LIBERTAD AVANZA,31641,92147,34.34
2023,DIPUTADOS NACIONALES,12,HACEMOS POR CÓRDOBA,31558,92147,34.25
2023,DIPUTADOS NACIONALES,12,JUNTOS POR EL CAMBIO,17431,92147,18.92
2023,DIPUTADOS NACIONALES,12,UNIÓN POR LA PATRIA,9561,92147,10.38
2023,DIPUTADOS NACIONALES,12,FRENTE DE IZQUIERDA,1956,92147,2.12
2023,DIPUTADOS NACIONALES,13,LA LIBERTAD AVANZA,35544,102393,34.71
2023,DIPUTADOS NACIONALES,13,HACEMOS POR CÓRDOBA,35035,102393,34.22
2023,DIPUTADOS NACIONALES,13,JUNTOS POR EL CAMBIO,19806,102393,19.34
2023,DIPUTADOS NACIONALES,13,UNIÓN POR LA PATRIA,9995,102393,9.76
2023,DIPUTADOS NACIONALES,13,FRENTE DE IZQUIERDA,2013,102393,1.97
2023,DIPUTADOS NACIONALES,14,LA LIBERTAD AVANZA,28201,94161,29.95
2023,DIPUTADOS NACIONALES,14,HACEMOS POR CÓRDOBA,26631,94161,28.28
2023,DIPUTADOS NACIONALES,14,JUNTOS POR EL CAMBIO,26593,94161,28.24
2023,DIPUTADOS NACIONALES,14,UNIÓN POR LA PATRIA,10376,94161,11.02
2023,DIPUTADOS NACIONALES,14,FRENTE DE IZQUIERDA,2360,94161,2.51
2023,DIPUTADOS NACIONALES,2,LA LIBERTAD AVANZA,1291,4238,30.46
2023,DIPUTADOS NACIONALES,2,JUNTOS POR EL CAMBIO,1201,4238,28.34
2023,DIPUTADOS NACIONALES,2,HACEMOS POR CÓRDOBA,874,4238,20.62
2023,DIPUTADOS NACIONALES,2,UNIÓN POR LA PATRIA,685,4238,16.16
2023,DIPUTADOS NACIONALES,2,FRENTE DE IZQUIERDA,187,4238,4.41
2023,DIPUTADOS NACIONALES,3,JUNTOS POR EL CAMBIO,4598,14655,31.37
2023,DIPUTADOS NACIONALES,3,LA LIBERTAD AVANZA,3816,14655,26.04
2023,DIPUTADOS NACIONALES,3,HACEMOS POR CÓRDOBA,2881,14655,19.66
2023,DIPUTADOS NACIONALES,3,UNIÓN POR LA PATRIA,2497,14655,17.04
2023,DIPUTADOS NACIONALES,3,FRENTE DE IZQUIERDA,863,14655,5.89
2023,DIPUTADOS NACIONALES,4,JUNTOS POR EL CAMBIO,15811,53222,29.71
2023,DIPUTADOS NACIONALES,4,LA LIBERTAD AVANZA,15683,53222,29.47
2023,DIPUTADOS NACIONALES,4,HACEMOS POR CÓRDOBA,13032,53222,24.49
2023,DIPUTADOS NACIONALES,4,UNIÓN POR LA PATRIA,6817,53222,12.81
2023,DIPUTADOS NACIONALES,4,FRENTE DE IZQUIERDA,1879,53222,3.53
2023,DIPUTADOS NACIONALES,5,HACEMOS POR CÓRDOBA,22832,60530,37.72
2023,DIPUTADOS NACIONALES,5,LA LIBERTAD AVANZA,19384,60530,32.02
2023,DIPUTADOS NACIONALES,5,JUNTOS POR EL CAMBIO,10663,60530,17.62
2023,DIPUTADOS NACIONALES,5,UNIÓN POR LA PATRIA,6313,60530,10.43
2023,DIPUTADOS NACIONALES,5,FRENTE DE IZQUIERDA,1338,60530,2.21
2023,DIPUTADOS NACIONALES,6,HACEMOS POR CÓRDOBA,8068,26850,30.05
2023,DIPUTADOS NACIONALES,6,LA LIBERTAD AVANZA,7197,26850,26.8
2023,DIPUTADOS NACIONALES,6,JUNTOS POR EL CAMBIO,7037,26850,26.21
2023,DIPUTADOS NACIONALES,6,UNIÓN POR LA PATRIA,3502,26850,13.04
2023,DIPUTADOS NACIONALES,6,FRENTE DE IZQUIERDA,1046,26850,3.9
2023,DIPUTADOS NACIONALES,7,LA LIBERTAD AVANZA,17526,57194,30.64
2023,DIPUTADOS NACIONALES,7,HACEMOS POR CÓRDOBA,16610,57194,29.04
2023,DIPUTADOS NACIONALES,7,JUNTOS POR EL CAMBIO,13717,57194,23.98
2023,DIPUTADOS NACIONALES,7,UNIÓN POR LA PATRIA,7473,57194,13.07
2023,DIPUTADOS NACIONALES,7,FRENTE DE IZQUIERDA,1868,57194,3.27
2023,DIPUTADOS NACIONALES,8,LA LIBERTAD AVANZA,8083,23957,33.74
2023,DIPUTADOS NACIONALES,8,HACEMOS POR CÓRDOBA,7270,23957,30.35
2023,DIPUTADOS NACIONALES,8,JUNTOS POR EL CAMBIO,5295,23957,22.1
2023,DIPUTADOS NACIONALES,8,UNIÓN POR LA PATRIA,2773,23957,11.57
2023,DIPUTADOS NACIONALES,8,FRENTE DE IZQUIERDA,536,23957,2.24
2023,DIPUTADOS NACIONALES,9,JUNTOS POR EL CAMBIO,15172,49692,30.53
2023,DIPUTADOS NACIONALES,9,LA LIBERTAD AVANZA,14903,49692,29.99
2023,DIPUTADOS NACIONALES,9,HACEMOS POR CÓRDOBA,11728,49692,23.6
2023,DIPUTADOS NACIONALES,9,UNIÓN POR LA PATRIA,6251,49692,12.58
2023,DIPUTADOS NACIONALES,9,FRENTE DE IZQUIERDA,1638,49692,3.3
2025,DIPUTADOS NACIONALES,1,ALIANZA LA LIBERTAD AVANZA,4454,9337,47.7
2025,DIPUTADOS NACIONALES,1,ALIANZA PROVINCIAS UNIDAS,1418,9337,15.19
2025,DIPUTADOS NACIONALES,1,DEFENDAMOS CÓRDOBA,1003,9337,10.74
2025,DIPUTADOS NACIONALES,1,ALIANZA FUERZA PATRIA,734,9337,7.86
2025,DIPUTADOS NACIONALES,1,FRENTE DE IZQUIERDA  Y DE TRABAJADORES - UNIDAD,426,9337,4.56
2025,DIPUTADOS NACIONALES,1,PARTIDO LIBERTARIO,406,9337,4.35
2025,DIPUTADOS NACIONALES,1,UNIÓN CÍVICA RADICAL,326,9337,3.49
2025,DIPUTADOS NACIONALES,1,ALIANZA ENCUENTRO POR LA REPÚBLICA,261,9337,2.8
2025,DIPUTADOS NACIONALES,1,PRO-PROPUESTA REPUBLICANA,92,9337,0.99
2025,DIPUTADOS NACIONALES,1,ALIANZA CIUDADANOS,50,9337,0.54
2025,DIPUTADOS NACIONALES,1,MOVIMIENTO AVANZADA SOCIALISTA,39,9337,0.42
2025,DIPUTADOS NACIONALES,1,FE,33,9337,0.35
2025,DIPUTADOS NACIONALES,1,ALIANZA CÓRDOBA TE QUIERO,29,9337,0.31
2025,DIPUTADOS NACIONALES,1,PARTIDO DEMÓCRATA,21,9337,0.22
2025,DIPUTADOS NACIONALES,1,ACCIÓN PARA EL CAMBIO,17,9337,0.18
2025,DIPUTADOS NACIONALES,1,FRENTE FEDERAL DE ACCIÓN SOLIDARIA,11,9337,0.12
2025,DIPUTADOS NACIONALES,1,POLÍTICA ABIERTA PARA LA INTEGRIDAD SOCIAL,11,9337,0.12
2025,DIPUTADOS NACIONALES,1,UNIÓN POPULAR FEDERAL,6,9337,0.06
2025,DIPUTADOS NACIONALES,10,ALIANZA LA LIBERTAD AVANZA,46745,110357,42.36
2025,DIPUTADOS NACIONALES,10,ALIANZA PROVINCIAS UNIDAS,28785,110357,26.08
2025,DIPUTADOS NACIONALES,10,DEFENDAMOS CÓRDOBA,9453,110357,8.57
2025,DIPUTADOS NACIONALES,10,ALIANZA FUERZA PATRIA,5930,110357,5.37
2025,DIPUTADOS NACIONALES,10,PARTIDO LIBERTARIO,4862,110357,4.41
2025,DIPUTADOS NACIONALES,10,FRENTE DE IZQUIERDA  Y DE TRABAJADORES - UNIDAD,3302,110357,2.99
2025,DIPUTADOS NACIONALES,10,UNIÓN CÍVICA RADICAL,3041,110357,2.76
2025,DIPUTADOS NACIONALES,10,FE,2910,110357,2.64
2025,DIPUTADOS NACIONALES,10,ALIANZA ENCUENTRO POR LA REPÚBLICA,2672,110357,2.42
2025,DIPUTADOS NACIONALES,10,ALIANZA CIUDADANOS,618,110357,0.56
2025,DIPUTADOS NACIONALES,10,PRO-PROPUESTA REPUBLICANA,535,110357,0.48
2025,DIPUTADOS NACIONALES,10,MOVIMIENTO AVANZADA SOCIALISTA,307,110357,0.28
2025,DIPUTADOS NACIONALES,10,ACCIÓN PARA EL CAMBIO,249,110357,0.23
2025,DIPUTADOS NACIONALES,10,PARTIDO DEMÓCRATA,229,110357,0.21
2025,DIPUTADOS NACIONALES,10,FRENTE FEDERAL DE ACCIÓN SOLIDARIA,219,110357,0.2
2025,DIPUTADOS NACIONALES,10,ALIANZA CÓRDOBA TE QUIERO,216,110357,0.2
2025,DIPUTADOS NACIONALES,10,POLÍTICA ABIERTA PARA LA INTEGRIDAD SOCIAL,174,110357,0.16
2025,DIPUTADOS NACIONALES,10,UNIÓN POPULAR FEDERAL,110,110357,0.1
2025,DIPUTADOS NACIONALES,11,ALIANZA LA LIBERTAD AVANZA,48391,106195,45.57
2025,DIPUTADOS NACIONALES,11,ALIANZA PROVINCIAS UNIDAS,26745,106195,25.18
2025,DIPUTADOS NACIONALES,11,DEFENDAMOS CÓRDOBA,8153,106195,7.68
2025,DIPUTADOS NACIONALES,11,ALIANZA FUERZA PATRIA,5385,106195,5.07
2025,DIPUTADOS NACIONALES,11,PARTIDO LIBERTARIO,4568,106195,4.3
2025,DIPUTADOS NACIONALES,11,UNIÓN CÍVICA RADICAL,3114,106195,2.93
2025,DIPUTADOS NACIONALES,11,FRENTE DE IZQUIERDA  Y DE TRABAJADORES - UNIDAD,2974,106195,2.8
2025,DIPUTADOS NACIONALES,11,ALIANZA ENCUENTRO POR LA REPÚBLICA,2903,106195,2.73
2025,DIPUTADOS NACIONALES,11,FE,1179,106195,1.11
2025,DIPUTADOS NACIONALES,11,PRO-PROPUESTA REPUBLICANA,677,106195,0.64
2025,DIPUTADOS NACIONALES,11,ALIANZA CIUDADANOS,647,106195,0.61
2025,DIPUTADOS NACIONALES,11,ACCIÓN PARA EL CAMBIO,311,106195,0.29
2025,DIPUTADOS NACIONALES,11,MOVIMIENTO AVANZADA SOCIALISTA,244,106195,0.23
2025,DIPUTADOS NACIONALES,11,ALIANZA CÓRDOBA TE QUIERO,243,106195,0.23
2025,DIPUTADOS NACIONALES,11,PARTIDO DEMÓCRATA,216,106195,0.2
2025,DIPUTADOS NACIONALES,11,FRENTE FEDERAL DE ACCIÓN SOLIDARIA,204,106195,0.19
2025,DIPUTADOS NACIONALES,11,POLÍTICA ABIERTA PARA LA INTEGRIDAD SOCIAL,144,106195,0.14
2025,DIPUTADOS NACIONALES,11,UNIÓN POPULAR FEDERAL,97,106195,0.09
2025,DIPUTADOS NACIONALES,12,ALIANZA LA LIBERTAD AVANZA,32718,78382,41.74
2025,DIPUTADOS NACIONALES,12,ALIANZA PROVINCIAS UNIDAS,22734,78382,29.0
2025,DIPUTADOS NACIONALES,12,DEFENDAMOS CÓRDOBA,6324,78382,8.07
2025,DIPUTADOS NACIONALES,12,PARTIDO LIBERTARIO,3384,78382,4.32
2025,DIPUTADOS NACIONALES,12,ALIANZA FUERZA PATRIA,3277,78382,4.18
2025,DIPUTADOS NACIONALES,12,UNIÓN CÍVICA RADICAL,2182,78382,2.78
2025,DIPUTADOS NACIONALES,12,ALIANZA ENCUENTRO POR LA REPÚBLICA,2036,78382,2.6
2025,DIPUTADOS NACIONALES,12,FRENTE DE IZQUIERDA  Y DE TRABAJADORES - UNIDAD,1885,78382,2.4
2025,DIPUTADOS NACIONALES,12,FE,1862,78382,2.38
2025,DIPUTADOS NACIONALES,12,ALIANZA CIUDADANOS,460,78382,0.59
2025,DIPUTADOS NACIONALES,12,PRO-PROPUESTA REPUBLICANA,366,78382,0.47
2025,DIPUTADOS NACIONALES,12,FRENTE FEDERAL DE ACCIÓN SOLIDARIA,252,78382,0.32
2025,DIPUTADOS NACIONALES,12,ALIANZA CÓRDOBA TE QUIERO,177,78382,0.23
2025,DIPUTADOS NACIONALES,12,MOVIMIENTO AVANZADA SOCIALISTA,168,78382,0.21
2025,DIPUTADOS NACIONALES,12,ACCIÓN PARA EL CAMBIO,165,78382,0.21
2025,DIPUTADOS NACIONALES,12,POLÍTICA ABIERTA PARA LA INTEGRIDAD SOCIAL,153,78382,0.2
2025,DIPUTADOS NACIONALES,12,PARTIDO DEMÓCRATA,150,78382,0.19
2025,DIPUTADOS NACIONALES,12,UNIÓN POPULAR FEDERAL,89,78382,0.11
2025,DIPUTADOS NACIONALES,13,ALIANZA LA LIBERTAD AVANZA,37026,87003,42.56
2025,DIPUTADOS NACIONALES,13,ALIANZA PROVINCIAS UNIDAS,24853,87003,28.57
2025,DIPUTADOS NACIONALES,13,DEFENDAMOS CÓRDOBA,7055,87003,8.11
2025,DIPUTADOS NACIONALES,13,PARTIDO LIBERTARIO,4083,87003,4.69
2025,DIPUTADOS NACIONALES,13,ALIANZA FUERZA PATRIA,3707,87003,4.26
2025,DIPUTADOS NACIONALES,13,UNIÓN CÍVICA RADICAL,2662,87003,3.06
2025,DIPUTADOS NACIONALES,13,ALIANZA ENCUENTRO POR LA REPÚBLICA,2065,87003,2.37
2025,DIPUTADOS NACIONALES,13,FRENTE DE IZQUIERDA  Y DE TRABAJADORES - UNIDAD,2029,87003,2.33
2025,DIPUTADOS NACIONALES,13,FE,1362,87003,1.57
2025,DIPUTADOS NACIONALES,13,ALIANZA CIUDADANOS,524,87003,0.6
2025,DIPUTADOS NACIONALES,13,PRO-PROPUESTA REPUBLICANA,406,87003,0.47
2025,DIPUTADOS NACIONALES,13,ACCIÓN PARA EL CAMBIO,235,87003,0.27
2025,DIPUTADOS NACIONALES,13,ALIANZA CÓRDOBA TE QUIERO,193,87003,0.22
2025,DIPUTADOS NACIONALES,13,MOVIMIENTO AVANZADA SOCIALISTA,179,87003,0.21
2025,DIPUTADOS NACIONALES,13,FRENTE FEDERAL DE ACCIÓN SOLIDARIA,167,87003,0.19
2025,DIPUTADOS NACIONALES,13,POLÍTICA ABIERTA PARA LA INTEGRIDAD SOCIAL,161,87003,0.19
2025,DIPUTADOS NACIONALES,13,PARTIDO DEMÓCRATA,155,87003,0.18
2025,DIPUTADOS NACIONALES,13,UNIÓN POPULAR FEDERAL,141,87003,0.16
2025,DIPUTADOS NACIONALES,14,ALIANZA LA LIBERTAD AVANZA,40122,82137,48.85
2025,DIPUTADOS NACIONALES,14,ALIANZA PROVINCIAS UNIDAS,19119,82137,23.28
2025,DIPUTADOS NACIONALES,14,DEFENDAMOS CÓRDOBA,6010,82137,7.32
2025,DIPUTADOS NACIONALES,14,ALIANZA FUERZA PATRIA,4133,82137,5.03
2025,DIPUTADOS NACIONALES,14,PARTIDO LIBERTARIO,3531,82137,4.3
2025,DIPUTADOS NACIONALES,14,FRENTE DE IZQUIERDA  Y DE TRABAJADORES - UNIDAD,2116,82137,2.58
2025,DIPUTADOS NACIONALES,14,ALIANZA ENCUENTRO POR LA REPÚBLICA,2085,82137,2.54
2025,DIPUTADOS NACIONALES,14,UNIÓN CÍVICA RADICAL,1991,82137,2.42
2025,DIPUTADOS NACIONALES,14,FE,886,82137,1.08
2025,DIPUTADOS NACIONALES,14,PRO-PROPUESTA REPUBLICANA,705,82137,0.86
2025,DIPUTADOS NACIONALES,14,ALIANZA CIUDADANOS,422,82137,0.51
2025,DIPUTADOS NACIONALES,14,ACCIÓN PARA EL CAMBIO,245,82137,0.3
2025,DIPUTADOS NACIONALES,14,MOVIMIENTO AVANZADA SOCIALISTA,222,82137,0.27
2025,DIPUTADOS NACIONALES,14,ALIANZA CÓRDOBA TE QUIERO,136,82137,0.17
2025,DIPUTADOS NACIONALES,14,PARTIDO DEMÓCRATA,126,82137,0.15
2025,DIPUTADOS NACIONALES,14,FRENTE FEDERAL DE ACCIÓN SOLIDARIA,120,82137,0.15
2025,DIPUTADOS NACIONALES,14,POLÍTICA ABIERTA PARA LA INTEGRIDAD SOCIAL,92,82137,0.11
2025,DIPUTADOS NACIONALES,14,UNIÓN POPULAR FEDERAL,76,82137,0.09
2025,DIPUTADOS NACIONALES,2,ALIANZA LA LIBERTAD AVANZA,1659,3672,45.18
2025,DIPUTADOS NACIONALES,2,ALIANZA PROVINCIAS UNIDAS,653,3672,17.78
2025,DIPUTADOS NACIONALES,2,DEFENDAMOS CÓRDOBA,377,3672,10.27
2025,DIPUTADOS NACIONALES,2,ALIANZA FUERZA PATRIA,289,3672,7.87
2025,DIPUTADOS NACIONALES,2,FRENTE DE IZQUIERDA  Y DE TRABAJADORES - UNIDAD,169,3672,4.6
2025,DIPUTADOS NACIONALES,2,PARTIDO LIBERTARIO,163,3672,4.44
2025,DIPUTADOS NACIONALES,2,UNIÓN CÍVICA RADICAL,131,3672,3.57
2025,DIPUTADOS NACIONALES,2,ALIANZA ENCUENTRO POR LA REPÚBLICA,115,3672,3.13
2025,DIPUTADOS NACIONALES,2,PRO-PROPUESTA REPUBLICANA,29,3672,0.79
2025,DIPUTADOS NACIONALES,2,ALIANZA CIUDADANOS,17,3672,0.46
2025,DIPUTADOS NACIONALES,2,MOVIMIENTO AVANZADA SOCIALISTA,15,3672,0.41
2025,DIPUTADOS NACIONALES,2,FRENTE FEDERAL DE ACCIÓN SOLIDARIA,11,3672,0.3
2025,DIPUTADOS NACIONALES,2,ALIANZA CÓRDOBA TE QUIERO,10,3672,0.27
2025,DIPUTADOS NACIONALES,2,FE,10,3672,0.27
2025,DIPUTADOS NACIONALES,2,ACCIÓN PARA EL CAMBIO,9,3672,0.25
2025,DIPUTADOS NACIONALES,2,PARTIDO DEMÓCRATA,8,3672,0.22
2025,DIPUTADOS NACIONALES,2,POLÍTICA ABIERTA PARA LA INTEGRIDAD SOCIAL,6,3672,0.16
2025,DIPUTADOS NACIONALES,2,UNIÓN POPULAR FEDERAL,1,3672,0.03
2025,DIPUTADOS NACIONALES,3,ALIANZA LA LIBERTAD AVANZA,5627,12807,43.94
2025,DIPUTADOS NACIONALES,3,ALIANZA PROVINCIAS UNIDAS,2077,12807,16.22
2025,DIPUTADOS NACIONALES,3,DEFENDAMOS CÓRDOBA,1435,12807,11.2
2025,DIPUTADOS NACIONALES,3,ALIANZA FUERZA PATRIA,1158,12807,9.04
2025,DIPUTADOS NACIONALES,3,FRENTE DE IZQUIERDA  Y DE TRABAJADORES - UNIDAD,661,12807,5.16
2025,DIPUTADOS NACIONALES,3,PARTIDO LIBERTARIO,531,12807,4.15
2025,DIPUTADOS NACIONALES,3,UNIÓN CÍVICA RADICAL,472,12807,3.69
2025,DIPUTADOS NACIONALES,3,ALIANZA ENCUENTRO POR LA REPÚBLICA,434,12807,3.39
2025,DIPUTADOS NACIONALES,3,PRO-PROPUESTA REPUBLICANA,126,12807,0.98
2025,DIPUTADOS NACIONALES,3,FE,65,12807,0.51
2025,DIPUTADOS NACIONALES,3,ALIANZA CIUDADANOS,49,12807,0.38
2025,DIPUTADOS NACIONALES,3,MOVIMIENTO AVANZADA SOCIALISTA,42,12807,0.33
2025,DIPUTADOS NACIONALES,3,PARTIDO DEMÓCRATA,33,12807,0.26
2025,DIPUTADOS NACIONALES,3,ACCIÓN PARA EL CAMBIO,26,12807,0.2
2025,DIPUTADOS NACIONALES,3,ALIANZA CÓRDOBA TE QUIERO,23,12807,0.18
2025,DIPUTADOS NACIONALES,3,FRENTE FEDERAL DE ACCIÓN SOLIDARIA,19,12807,0.15
2025,DIPUTADOS NACIONALES,3,UNIÓN POPULAR FEDERAL,18,12807,0.14
2025,DIPUTADOS NACIONALES,3,POLÍTICA ABIERTA PARA LA INTEGRIDAD SOCIAL,11,12807,0.09
2025,DIPUTADOS NACIONALES,4,ALIANZA LA LIBERTAD AVANZA,23381,47100,49.64
2025,DIPUTADOS NACIONALES,4,ALIANZA PROVINCIAS UNIDAS,9327,47100,19.8
2025,DIPUTADOS NACIONALES,4,DEFENDAMOS CÓRDOBA,4476,47100,9.5
2025,DIPUTADOS NACIONALES,4,ALIANZA FUERZA PATRIA,2546,47100,5.41
2025,DIPUTADOS NACIONALES,4,PARTIDO LIBERTARIO,1855,47100,3.94
2025,DIPUTADOS NACIONALES,4,FRENTE DE IZQUIERDA  Y DE TRABAJADORES - UNIDAD,1561,47100,3.31
2025,DIPUTADOS NACIONALES,4,ALIANZA ENCUENTRO POR LA REPÚBLICA,1197,47100,2.54
2025,DIPUTADOS NACIONALES,4,UNIÓN CÍVICA RADICAL,1183,47100,2.51
2025,DIPUTADOS NACIONALES,4,FE,468,47100,0.99
2025,DIPUTADOS NACIONALES,4,PRO-PROPUESTA REPUBLICANA,385,47100,0.82
2025,DIPUTADOS NACIONALES,4,ALIANZA CIUDADANOS,230,47100,0.49
2025,DIPUTADOS NACIONALES,4,ACCIÓN PARA EL CAMBIO,98,47100,0.21
2025,DIPUTADOS NACIONALES,4,MOVIMIENTO AVANZADA SOCIALISTA,94,47100,0.2
2025,DIPUTADOS NACIONALES,4,ALIANZA CÓRDOBA TE QUIERO,77,47100,0.16
2025,DIPUTADOS NACIONALES,4,FRENTE FEDERAL DE ACCIÓN SOLIDARIA,65,47100,0.14
2025,DIPUTADOS NACIONALES,4,PARTIDO DEMÓCRATA,61,47100,0.13
2025,DIPUTADOS NACIONALES,4,POLÍTICA ABIERTA PARA LA INTEGRIDAD SOCIAL,61,47100,0.13
2025,DIPUTADOS NACIONALES,4,UNIÓN POPULAR FEDERAL,35,47100,0.07
2025,DIPUTADOS NACIONALES,5,ALIANZA LA LIBERTAD AVANZA,19590,51062,38.37
2025,DIPUTADOS NACIONALES,5,ALIANZA PROVINCIAS UNIDAS,17061,51062,33.41
2025,DIPUTADOS NACIONALES,5,DEFENDAMOS CÓRDOBA,3890,51062,7.62
2025,DIPUTADOS NACIONALES,5,ALIANZA FUERZA PATRIA,2289,51062,4.48
2025,DIPUTADOS NACIONALES,5,PARTIDO LIBERTARIO,2191,51062,4.29
2025,DIPUTADOS NACIONALES,5,UNIÓN CÍVICA RADICAL,1442,51062,2.82
2025,DIPUTADOS NACIONALES,5,FRENTE DE IZQUIERDA  Y DE TRABAJADORES - UNIDAD,1275,51062,2.5
2025,DIPUTADOS NACIONALES,5,ALIANZA ENCUENTRO POR LA REPÚBLICA,1216,51062,2.38
2025,DIPUTADOS NACIONALES,5,FE,926,51062,1.81
2025,DIPUTADOS NACIONALES,5,ALIANZA CIUDADANOS,283,51062,0.55
2025,DIPUTADOS NACIONALES,5,PRO-PROPUESTA REPUBLICANA,207,51062,0.41
2025,DIPUTADOS NACIONALES,5,MOVIMIENTO AVANZADA SOCIALISTA,119,51062,0.23
2025,DIPUTADOS NACIONALES,5,ACCIÓN PARA EL CAMBIO,107,51062,0.21
2025,DIPUTADOS NACIONALES,5,PARTIDO DEMÓCRATA,104,51062,0.2
2025,DIPUTADOS NACIONALES,5,FRENTE FEDERAL DE ACCIÓN SOLIDARIA,103,51062,0.2
2025,DIPUTADOS NACIONALES,5,POLÍTICA ABIERTA PARA LA INTEGRIDAD SOCIAL,97,51062,0.19
2025,DIPUTADOS NACIONALES,5,ALIANZA CÓRDOBA TE QUIERO,92,51062,0.18
2025,DIPUTADOS NACIONALES,5,UNIÓN POPULAR FEDERAL,70,51062,0.14
2025,DIPUTADOS NACIONALES,6,ALIANZA LA LIBERTAD AVANZA,10023,23416,42.8
2025,DIPUTADOS NACIONALES,6,ALIANZA PROVINCIAS UNIDAS,5992,23416,25.59
2025,DIPUTADOS NACIONALES,6,DEFENDAMOS CÓRDOBA,2170,23416,9.27
2025,DIPUTADOS NACIONALES,6,ALIANZA FUERZA PATRIA,1333,23416,5.69
2025,DIPUTADOS NACIONALES,6,PARTIDO LIBERTARIO,1019,23416,4.35
2025,DIPUTADOS NACIONALES,6,FRENTE DE IZQUIERDA  Y DE TRABAJADORES - UNIDAD,912,23416,3.89
2025,DIPUTADOS NACIONALES,6,UNIÓN CÍVICA RADICAL,664,23416,2.84
2025,DIPUTADOS NACIONALES,6,ALIANZA ENCUENTRO POR LA REPÚBLICA,590,23416,2.52
2025,DIPUTADOS NACIONALES,6,FE,164,23416,0.7
2025,DIPUTADOS NACIONALES,6,PRO-PROPUESTA REPUBLICANA,163,23416,0.7
2025,DIPUTADOS NACIONALES,6,ALIANZA CIUDADANOS,108,23416,0.46
2025,DIPUTADOS NACIONALES,6,MOVIMIENTO AVANZADA SOCIALISTA,56,23416,0.24
2025,DIPUTADOS NACIONALES,6,ACCIÓN PARA EL CAMBIO,48,23416,0.2
2025,DIPUTADOS NACIONALES,6,FRENTE FEDERAL DE ACCIÓN SOLIDARIA,46,23416,0.2
2025,DIPUTADOS NACIONALES,6,ALIANZA CÓRDOBA TE QUIERO,33,23416,0.14
2025,DIPUTADOS NACIONALES,6,UNIÓN POPULAR FEDERAL,33,23416,0.14
2025,DIPUTADOS NACIONALES,6,PARTIDO DEMÓCRATA,31,23416,0.13
2025,DIPUTADOS NACIONALES,6,POLÍTICA ABIERTA PARA LA INTEGRIDAD SOCIAL,31,23416,0.13
2025,DIPUTADOS NACIONALES,7,ALIANZA LA LIBERTAD AVANZA,21222,49249,43.09
2025,DIPUTADOS NACIONALES,7,ALIANZA PROVINCIAS UNIDAS,12268,49249,24.91
2025,DIPUTADOS NACIONALES,7,DEFENDAMOS CÓRDOBA,4444,49249,9.02
2025,DIPUTADOS NACIONALES,7,ALIANZA FUERZA PATRIA,2995,49249,6.08
2025,DIPUTADOS NACIONALES,7,PARTIDO LIBERTARIO,2179,49249,4.42
2025,DIPUTADOS NACIONALES,7,FRENTE DE IZQUIERDA  Y DE TRABAJADORES - UNIDAD,1736,49249,3.52
2025,DIPUTADOS NACIONALES,7,UNIÓN CÍVICA RADICAL,1525,49249,3.1
2025,DIPUTADOS NACIONALES,7,ALIANZA ENCUENTRO POR LA REPÚBLICA,1166,49249,2.37
2025,DIPUTADOS NACIONALES,7,FE,459,49249,0.93
2025,DIPUTADOS NACIONALES,7,PRO-PROPUESTA REPUBLICANA,305,49249,0.62
2025,DIPUTADOS NACIONALES,7,ALIANZA CIUDADANOS,292,49249,0.59
2025,DIPUTADOS NACIONALES,7,ACCIÓN PARA EL CAMBIO,141,49249,0.29
2025,DIPUTADOS NACIONALES,7,MOVIMIENTO AVANZADA SOCIALISTA,128,49249,0.26
2025,DIPUTADOS NACIONALES,7,ALIANZA CÓRDOBA TE QUIERO,110,49249,0.22
2025,DIPUTADOS NACIONALES,7,PARTIDO DEMÓCRATA,97,49249,0.2
2025,DIPUTADOS NACIONALES,7,FRENTE FEDERAL DE ACCIÓN SOLIDARIA,71,49249,0.14
2025,DIPUTADOS NACIONALES,7,UNIÓN POPULAR FEDERAL,60,49249,0.12
2025,DIPUTADOS NACIONALES,7,POLÍTICA ABIERTA PARA LA INTEGRIDAD SOCIAL,51,49249,0.1
2025,DIPUTADOS NACIONALES,8,ALIANZA LA LIBERTAD AVANZA,8787,20270,43.35
2025,DIPUTADOS NACIONALES,8,ALIANZA PROVINCIAS UNIDAS,5342,20270,26.35
2025,DIPUTADOS NACIONALES,8,DEFENDAMOS CÓRDOBA,1529,20270,7.54
2025,DIPUTADOS NACIONALES,8,ALIANZA FUERZA PATRIA,1026,20270,5.06
2025,DIPUTADOS NACIONALES,8,PARTIDO LIBERTARIO,957,20270,4.72
2025,DIPUTADOS NACIONALES,8,UNIÓN CÍVICA RADICAL,633,20270,3.12
2025,DIPUTADOS NACIONALES,8,ALIANZA ENCUENTRO POR LA REPÚBLICA,532,20270,2.62
2025,DIPUTADOS NACIONALES,8,FRENTE DE IZQUIERDA  Y DE TRABAJADORES - UNIDAD,522,20270,2.58
2025,DIPUTADOS NACIONALES,8,FE,430,20270,2.12
2025,DIPUTADOS NACIONALES,8,ALIANZA CIUDADANOS,137,20270,0.68
2025,DIPUTADOS NACIONALES,8,PRO-PROPUESTA REPUBLICANA,102,20270,0.5
2025,DIPUTADOS NACIONALES,8,MOVIMIENTO AVANZADA SOCIALISTA,64,20270,0.32
2025,DIPUTADOS NACIONALES,8,ALIANZA CÓRDOBA TE QUIERO,52,20270,0.26
2025,DIPUTADOS NACIONALES,8,FRENTE FEDERAL DE ACCIÓN SOLIDARIA,46,20270,0.23
2025,DIPUTADOS NACIONALES,8,ACCIÓN PARA EL CAMBIO,37,20270,0.18
2025,DIPUTADOS NACIONALES,8,POLÍTICA ABIERTA PARA LA INTEGRIDAD SOCIAL,28,20270,0.14
2025,DIPUTADOS NACIONALES,8,PARTIDO DEMÓCRATA,26,20270,0.13
2025,DIPUTADOS NACIONALES,8,UNIÓN POPULAR FEDERAL,20,20270,0.1
2025,DIPUTADOS NACIONALES,9,ALIANZA LA LIBERTAD AVANZA,21000,43383,48.41
2025,DIPUTADOS NACIONALES,9,ALIANZA PROVINCIAS UNIDAS,8137,43383,18.76
2025,DIPUTADOS NACIONALES,9,DEFENDAMOS CÓRDOBA,3729,43383,8.6
2025,DIPUTADOS NACIONALES,9,ALIANZA FUERZA PATRIA,2697,43383,6.22
2025,DIPUTADOS NACIONALES,9,PARTIDO LIBERTARIO,1970,43383,4.54
2025,DIPUTADOS NACIONALES,9,FRENTE DE IZQUIERDA  Y DE TRABAJADORES - UNIDAD,1593,43383,3.67
2025,DIPUTADOS NACIONALES,9,UNIÓN CÍVICA RADICAL,1487,43383,3.43
2025,DIPUTADOS NACIONALES,9,ALIANZA ENCUENTRO POR LA REPÚBLICA,1252,43383,2.89
2025,DIPUTADOS NACIONALES,9,ALIANZA CIUDADANOS,339,43383,0.78
2025,DIPUTADOS NACIONALES,9,PRO-PROPUESTA REPUBLICANA,314,43383,0.72
2025,DIPUTADOS NACIONALES,9,FE,251,43383,0.58
2025,DIPUTADOS NACIONALES,9,ACCIÓN PARA EL CAMBIO,136,43383,0.31
2025,DIPUTADOS NACIONALES,9,MOVIMIENTO AVANZADA SOCIALISTA,127,43383,0.29
2025,DIPUTADOS NACIONALES,9,ALIANZA CÓRDOBA TE QUIERO,83,43383,0.19
2025,DIPUTADOS NACIONALES,9,PARTIDO DEMÓCRATA,77,43383,0.18
2025,DIPUTADOS NACIONALES,9,FRENTE FEDERAL DE ACCIÓN SOLIDARIA,75,43383,0.17
2025,DIPUTADOS NACIONALES,9,UNIÓN POPULAR FEDERAL,60,43383,0.14
2025,DIPUTADOS NACIONALES,9,POLÍTICA ABIERTA PARA LA INTEGRIDAD SOCIAL,56,43383,0.13
